Installs,Genres
10000,Art & Design
500000,Art & Design;Pretend Play
5000000,Art & Design
50000000,Art & Design
100000,Art & Design;Creativity
50000,Art & Design
50000,Art & Design
1000000,Art & Design
1000000,Art & Design
10000,Art & Design;Creativity
1000000,Art & Design
1000000,Art & Design
10000000,Art & Design
100000,Art & Design
100000,Art & Design
5000,Art & Design
500000,Art & Design
10000,Art & Design
5000000,Art & Design
10000000,Art & Design
100000,Art & Design
100000,Art & Design
500000,Art & Design
100000,Art & Design;Action & Adventure
50000,Art & Design
10000,Art & Design
500000,Art & Design;Creativity
100000,Art & Design
10000,Art & Design
100000,Art & Design
100000,Art & Design
50000,Art & Design
100000,Art & Design
100000,Art & Design
10000,Art & Design
100000,Art & Design
500000,Art & Design;Creativity
5000000,Art & Design
10000,Art & Design
500000,Art & Design
10000,Art & Design
100000,Art & Design
10000000,Art & Design
100000,Art & Design;Creativity
10000,Art & Design
10000000,Art & Design
100000,Art & Design
100000,Art & Design
100000,Art & Design
50000,Art & Design
1000,Art & Design
10000000,Art & Design
100000,Art & Design
5000,Art & Design
10000,Art & Design
1000,Art & Design
100000,Art & Design
5000,Art & Design
1000,Art & Design
5000,Art & Design
5000,Art & Design
50000,Art & Design
10000,Art & Design
0,Art & Design
100,Art & Design
